"filename", "language", "Markdown", "HTML", "JavaScript", "CSS", "comment", "blank", "total"
"c:\Users\QHS\Desktop\QuickLearn\Etmamn-dore.html", "HTML", 0, 281, 0, 0, 4, 31, 316
"c:\Users\QHS\Desktop\QuickLearn\Home.html", "HTML", 0, 519, 0, 0, 14, 38, 571
"c:\Users\QHS\Desktop\QuickLearn\Problems.html", "HTML", 0, 331, 0, 0, 4, 38, 373
"c:\Users\QHS\Desktop\QuickLearn\README.md", "Markdown", 12, 0, 0, 0, 0, 14, 26
"c:\Users\QHS\Desktop\QuickLearn\assets\css\animate.min.css", "CSS", 0, 0, 0, 2, 5, 0, 7
"c:\Users\QHS\Desktop\QuickLearn\assets\css\bootstrap.min.css", "CSS", 0, 0, 0, 2, 3, 0, 5
"c:\Users\QHS\Desktop\QuickLearn\assets\css\daterangepicker.css", "CSS", 0, 0, 0, 337, 1, 72, 410
"c:\Users\QHS\Desktop\QuickLearn\assets\css\fontawesome.min.css", "CSS", 0, 0, 0, 1, 5, 0, 6
"c:\Users\QHS\Desktop\QuickLearn\assets\css\keyframe-animation.css", "CSS", 0, 0, 0, 2281, 261, 96, 2638
"c:\Users\QHS\Desktop\QuickLearn\assets\css\main.css", "CSS", 0, 0, 0, 11152, 141, 688, 11981
"c:\Users\QHS\Desktop\QuickLearn\assets\css\nice-select.css", "CSS", 0, 0, 0, 155, 0, 27, 182
"c:\Users\QHS\Desktop\QuickLearn\assets\css\odometer.min.css", "CSS", 0, 0, 0, 1, 1, 0, 2
"c:\Users\QHS\Desktop\QuickLearn\assets\css\swiper.min.css", "CSS", 0, 0, 0, 1, 11, 1, 13
"c:\Users\QHS\Desktop\QuickLearn\assets\css\venobox.min.css", "CSS", 0, 0, 0, 1, 0, 0, 1
"c:\Users\QHS\Desktop\QuickLearn\assets\font\fa-v4compatibility-2.html", "HTML", 0, 51, 0, 0, 0, 11, 62
"c:\Users\QHS\Desktop\QuickLearn\assets\font\fa-v4compatibility.html", "HTML", 0, 51, 0, 0, 0, 11, 62
"c:\Users\QHS\Desktop\QuickLearn\assets\img\cross.html", "HTML", 0, 51, 0, 0, 0, 11, 62
"c:\Users\QHS\Desktop\QuickLearn\assets\js\main.js", "JavaScript", 0, 0, 471, 0, 29, 47, 547
"c:\Users\QHS\Desktop\QuickLearn\assets\js\vendor\bootstrap-bundle.js", "JavaScript", 0, 0, 1, 0, 5, 0, 6
"c:\Users\QHS\Desktop\QuickLearn\assets\js\vendor\cart.js", "JavaScript", 0, 0, 66, 0, 39, 21, 126
"c:\Users\QHS\Desktop\QuickLearn\assets\js\vendor\countdown.js", "JavaScript", 0, 0, 208, 0, 13, 49, 270
"c:\Users\QHS\Desktop\QuickLearn\assets\js\vendor\daterangepicker.min.js", "JavaScript", 0, 0, 1, 0, 7, 0, 8
"c:\Users\QHS\Desktop\QuickLearn\assets\js\vendor\imagesloaded-pkgd.js", "JavaScript", 0, 0, 1, 0, 5, 1, 7
"c:\Users\QHS\Desktop\QuickLearn\assets\js\vendor\jquary-3.6.0.min.js", "JavaScript", 0, 0, 1, 0, 1, 0, 2
"c:\Users\QHS\Desktop\QuickLearn\assets\js\vendor\jquery.isotope.js", "JavaScript", 0, 0, 2, 0, 9, 1, 12
"c:\Users\QHS\Desktop\QuickLearn\assets\js\vendor\meanmenu.js", "JavaScript", 0, 0, 207, 0, 23, 28, 258
"c:\Users\QHS\Desktop\QuickLearn\assets\js\vendor\modernizr-2.8.3-respond-1.4.2.min.js", "JavaScript", 0, 0, 2, 0, 7, 2, 11
"c:\Users\QHS\Desktop\QuickLearn\assets\js\vendor\moment.min.js", "JavaScript", 0, 0, 2, 0, 5, 0, 7
"c:\Users\QHS\Desktop\QuickLearn\assets\js\vendor\nice-select.js", "JavaScript", 0, 0, 1, 0, 3, 0, 4
"c:\Users\QHS\Desktop\QuickLearn\assets\js\vendor\odometer.min.js", "JavaScript", 0, 0, 1, 0, 1, 0, 2
"c:\Users\QHS\Desktop\QuickLearn\assets\js\vendor\smooth-scroll.js", "JavaScript", 0, 0, 526, 0, 136, 128, 790
"c:\Users\QHS\Desktop\QuickLearn\assets\js\vendor\swiper.min.js", "JavaScript", 0, 0, 1, 0, 11, 1, 13
"c:\Users\QHS\Desktop\QuickLearn\assets\js\vendor\venobox.min.js", "JavaScript", 0, 0, 2, 0, 4, 0, 6
"c:\Users\QHS\Desktop\QuickLearn\assets\js\vendor\waypoints.min.js", "JavaScript", 0, 0, 1, 0, 0, 0, 1
"c:\Users\QHS\Desktop\QuickLearn\assets\js\vendor\wow.min.js", "JavaScript", 0, 0, 1, 0, 2, 0, 3
"c:\Users\QHS\Desktop\QuickLearn\blog-Game.html", "HTML", 0, 458, 0, 0, 2, 37, 497
"c:\Users\QHS\Desktop\QuickLearn\blog-MashineLearning-tab.html", "HTML", 0, 458, 0, 0, 8, 30, 496
"c:\Users\QHS\Desktop\QuickLearn\blog-Programming.html", "HTML", 0, 458, 0, 0, 5, 30, 493
"c:\Users\QHS\Desktop\QuickLearn\blog-details\ML_1.html", "HTML", 0, 249, 0, 0, 11, 26, 286
"c:\Users\QHS\Desktop\QuickLearn\blog-details\ML_2.html", "HTML", 0, 249, 0, 0, 7, 26, 282
"c:\Users\QHS\Desktop\QuickLearn\blog-details\ML_3.html", "HTML", 0, 250, 0, 0, 8, 25, 283
"c:\Users\QHS\Desktop\QuickLearn\blog-details\ML_4.html", "HTML", 0, 250, 0, 0, 10, 26, 286
"c:\Users\QHS\Desktop\QuickLearn\blog-details\ML_5.html", "HTML", 0, 250, 0, 0, 3, 26, 279
"c:\Users\QHS\Desktop\QuickLearn\blog-details\ML_6.html", "HTML", 0, 250, 0, 0, 11, 26, 287
"c:\Users\QHS\Desktop\QuickLearn\blog-details\ML_7.html", "HTML", 0, 250, 0, 0, 9, 26, 285
"c:\Users\QHS\Desktop\QuickLearn\blog-details\ML_8.html", "HTML", 0, 250, 0, 0, 4, 26, 280
"c:\Users\QHS\Desktop\QuickLearn\blog-details\ML_9.html", "HTML", 0, 250, 0, 0, 4, 26, 280
"c:\Users\QHS\Desktop\QuickLearn\blog-details\game_1.html", "HTML", 0, 250, 0, 0, 6, 26, 282
"c:\Users\QHS\Desktop\QuickLearn\blog-details\game_2.html", "HTML", 0, 250, 0, 0, 12, 26, 288
"c:\Users\QHS\Desktop\QuickLearn\blog-details\game_3.html", "HTML", 0, 250, 0, 0, 12, 26, 288
"c:\Users\QHS\Desktop\QuickLearn\blog-details\game_4.html", "HTML", 0, 250, 0, 0, 4, 27, 281
"c:\Users\QHS\Desktop\QuickLearn\blog-details\game_5.html", "HTML", 0, 250, 0, 0, 12, 24, 286
"c:\Users\QHS\Desktop\QuickLearn\blog-details\game_6.html", "HTML", 0, 250, 0, 0, 11, 26, 287
"c:\Users\QHS\Desktop\QuickLearn\blog-details\game_7.html", "HTML", 0, 250, 0, 0, 4, 26, 280
"c:\Users\QHS\Desktop\QuickLearn\blog-details\game_8.html", "HTML", 0, 250, 0, 0, 3, 26, 279
"c:\Users\QHS\Desktop\QuickLearn\blog-details\game_9.html", "HTML", 0, 250, 0, 0, 4, 26, 280
"c:\Users\QHS\Desktop\QuickLearn\blog-details\hak_1.html", "HTML", 0, 249, 0, 0, 6, 26, 281
"c:\Users\QHS\Desktop\QuickLearn\blog-details\hak_2.html", "HTML", 0, 250, 0, 0, 12, 26, 288
"c:\Users\QHS\Desktop\QuickLearn\blog-details\hak_3.html", "HTML", 0, 250, 0, 0, 12, 26, 288
"c:\Users\QHS\Desktop\QuickLearn\blog-details\hak_4.html", "HTML", 0, 250, 0, 0, 12, 25, 287
"c:\Users\QHS\Desktop\QuickLearn\blog-details\hak_5.html", "HTML", 0, 250, 0, 0, 12, 26, 288
"c:\Users\QHS\Desktop\QuickLearn\blog-details\hak_6.html", "HTML", 0, 250, 0, 0, 11, 27, 288
"c:\Users\QHS\Desktop\QuickLearn\blog-details\hak_7.html", "HTML", 0, 250, 0, 0, 11, 25, 286
"c:\Users\QHS\Desktop\QuickLearn\blog-details\hak_8.html", "HTML", 0, 250, 0, 0, 11, 26, 287
"c:\Users\QHS\Desktop\QuickLearn\blog-details\hak_9.html", "HTML", 0, 249, 0, 0, 12, 26, 287
"c:\Users\QHS\Desktop\QuickLearn\blog-details\veb_1.html", "HTML", 0, 252, 0, 0, 10, 33, 295
"c:\Users\QHS\Desktop\QuickLearn\blog-details\veb_2.html", "HTML", 0, 249, 0, 0, 12, 26, 287
"c:\Users\QHS\Desktop\QuickLearn\blog-details\veb_3.html", "HTML", 0, 249, 0, 0, 12, 26, 287
"c:\Users\QHS\Desktop\QuickLearn\blog-details\veb_4.html", "HTML", 0, 249, 0, 0, 12, 25, 286
"c:\Users\QHS\Desktop\QuickLearn\blog-details\veb_5.html", "HTML", 0, 249, 0, 0, 12, 26, 287
"c:\Users\QHS\Desktop\QuickLearn\blog-details\veb_6.html", "HTML", 0, 250, 0, 0, 10, 25, 285
"c:\Users\QHS\Desktop\QuickLearn\blog-details\veb_7.html", "HTML", 0, 249, 0, 0, 12, 27, 288
"c:\Users\QHS\Desktop\QuickLearn\blog-details\veb_8.html", "HTML", 0, 249, 0, 0, 12, 26, 287
"c:\Users\QHS\Desktop\QuickLearn\blog-details\veb_9.html", "HTML", 0, 250, 0, 0, 1, 26, 277
"c:\Users\QHS\Desktop\QuickLearn\blog-hak&protect-tab.html", "HTML", 0, 458, 0, 0, 9, 31, 498
"c:\Users\QHS\Desktop\QuickLearn\cart.html", "HTML", 0, 331, 0, 0, 1, 27, 359
"c:\Users\QHS\Desktop\QuickLearn\contact.html", "HTML", 0, 321, 0, 0, 5, 26, 352
"c:\Users\QHS\Desktop\QuickLearn\idea-for-programers.html", "HTML", 0, 294, 0, 0, 4, 29, 327
"c:\Users\QHS\Desktop\QuickLearn\pas-dadan-dore.html", "HTML", 0, 271, 0, 0, 1, 26, 298
"c:\Users\QHS\Desktop\QuickLearn\shop-details\shop-details-HTML5.html", "HTML", 0, 599, 0, 0, 5, 35, 639
"c:\Users\QHS\Desktop\QuickLearn\shop-details\shop-details-behine-python.html", "HTML", 0, 601, 0, 0, 12, 35, 648
"c:\Users\QHS\Desktop\QuickLearn\shop-details\shop-details-bootstrap.html", "HTML", 0, 611, 0, 0, 8, 36, 655
"c:\Users\QHS\Desktop\QuickLearn\shop-details\shop-details-css3.html", "HTML", 0, 607, 0, 0, 10, 34, 651
"c:\Users\QHS\Desktop\QuickLearn\shop-details\shop-details-flexbox.html", "HTML", 0, 602, 0, 0, 6, 34, 642
"c:\Users\QHS\Desktop\QuickLearn\shop-details\shop-details-game.html.html", "HTML", 0, 606, 0, 0, 9, 40, 655
"c:\Users\QHS\Desktop\QuickLearn\shop-details\shop-details-haker-0km.html", "HTML", 0, 602, 0, 0, 6, 34, 642
"c:\Users\QHS\Desktop\QuickLearn\shop-details\shop-details-illustrator.html", "HTML", 0, 606, 0, 0, 5, 43, 654
"c:\Users\QHS\Desktop\QuickLearn\shop-details\shop-details-jango.html", "HTML", 0, 600, 0, 0, 10, 36, 646
"c:\Users\QHS\Desktop\QuickLearn\shop-details\shop-details-js.html", "HTML", 0, 604, 0, 0, 9, 34, 647
"c:\Users\QHS\Desktop\QuickLearn\shop-details\shop-details-linux.html", "HTML", 0, 599, 0, 0, 9, 34, 642
"c:\Users\QHS\Desktop\QuickLearn\shop-details\shop-details-photoshop.html", "HTML", 0, 610, 0, 0, 6, 43, 659
"c:\Users\QHS\Desktop\QuickLearn\shop-details\shop-details-php.html", "HTML", 0, 600, 0, 0, 10, 34, 644
"c:\Users\QHS\Desktop\QuickLearn\shop-details\shop-details-python.html", "HTML", 0, 605, 0, 0, 9, 34, 648
"c:\Users\QHS\Desktop\QuickLearn\shop-details\shop-details-react.html", "HTML", 0, 604, 0, 0, 5, 38, 647
"c:\Users\QHS\Desktop\QuickLearn\shop-details\shop-details-tailwind.html", "HTML", 0, 608, 0, 0, 5, 33, 646
"c:\Users\QHS\Desktop\QuickLearn\shop.html", "HTML", 0, 969, 0, 0, 1, 41, 1011
"c:\Users\QHS\Desktop\QuickLearn\student-project.html", "HTML", 0, 422, 0, 0, 6, 32, 460
"c:\Users\QHS\Desktop\QuickLearn\wishlist.html", "HTML", 0, 318, 0, 0, 4, 29, 351
"Total", "-", 12, 24698, 1495, 13933, 1247, 3170, 44555